judul;penulis;tanggal;isi;url
PEMILU 2024 : Panggung Sandiwara;nabila katili;8 Maret 2024;Pemilu merupakan manifestasi dari pada nilai-nilai Demokrasi. Sebab Pemilu merupakan sarana pelaksanaan kedaulatan, yang dimana kedaulatan di Indonesia berada ditangan rakyat. Namun di Indonesia, Pemilu lebih tepat disebut sebagai Panggung Sandiwara. Sebab di dalamnya terdapat pesta demokrasi seperti pertunjukan kembang api yang singkat, karena kekecewaan rakyat masih terpendam di balik sejuta janji manis yang terabaikan.;https://kumparan.com/nabila-katili/pemilu-2024-panggung-sandiwara-22HSajiMOd2
Panwascam Lamongan Diharapkan Dngkrak Partisipasi Pemilu Masyarakat;Jatim Now;27 Oktober 2022;jatimnow.com - Badan Pengawas Pemilu (Bawaslu) Lamongan mengukuhkan 81 Panitia pengawas pemuli tingkat kecamatan (Panwascam). Pengukuhan ini guna mengawal kontestasi pesta demokrasi tahun 2024 mendatang.;https://kumparan.com/jatim-now/panwascam-lamongan-diharapkan-dngkrak-partisipasi-pemilu-masyarakat-1z8Dyop2fdW
Rutan Gresik Tandatangani Pakta Integritas Netralitas Pemilu;Rutan Gresik;20 Oktober 2022;GRESIK - Aparatur Sipil Negara Rumah Tahanan Negara Kelas IIB Gresik melakukan pembacaan ikrar dan penandatanganan pakta integritas netralitas di lingkungan kerja Rutan Gresik. Kegiatan pembacaan ikrar yang dilaksanakan di lapangan dalam Rutan Gresik tersebut dipimpin langsung Kepala Rutan Gresik Aris Sakuriyadi. (Kamis, 20/10/2022);https://kumparan.com/rutan-gresik/rutan-gresik-tandatangani-pakta-integritas-netralitas-pemilu-1z5R03EcdVB
Purnawirawan TNI hingga Budayawan Bentuk F-PDR, Lawan Pemilu Curang;kumparanNEWS;9 Maret 2024;Sejumlah tokoh dari kalangan militer, pemuda, hingga budayawan mendirikan Sekretariat Bersama Forum Penyelamat Demokrasi dan Reformasi (Sekber F-PDR) pada Sabtu (9/3). Forum ini didirikan setelah melihat kondisi Pemilu 2024 yang dinilai penuh kecurangan.;https://kumparan.com/kumparannews/purnawirawan-tni-hingga-budayawan-bentuk-f-pdr-lawan-pemilu-curang-22JlFWblZ2B
Pengamat Politik Ragukan Realisasi Penundaan Pemilu 2024;Jatim Now;3 Maret 2023;jatimnow.com - Penundaan Pemilu 2024 berdasarkan perintah Pengadilan Negeri (PN) Jakarta Pusat kepada Komisi Pemilihan Umum (KPU) mulai diragukan.;https://kumparan.com/jatim-now/pengamat-politik-ragukan-realisasi-penundaan-pemilu-2024-1zwRbnBc2DD
Menarik, Mahasiswa KKN UMY Lakukan Sosialisasi Pemilu untuk Pemilih Pemula;UMY Mengabdi;14 September 2023;"Kelompok Kuliah Kerja Nyata (KKN) 095 Universitas Muhammadiyah Yogyakarta (UMY) telah sukses menyelenggarakan program ""Sosialisasi Pemilu untuk Pemilih Pemula."" Kegiatan ini merupakan bagian dari program kerja utama mereka dan berlangsung pada (14/7/23) di Posko Kelompok KKN 095, yang terletak di rumah Ketua RT 24 Dusun Papak, Kalurahan Kalirejo, Kapanewon Kokap, Kabupaten Kulonprogo, Daerah Istimewa Yogyakarta (DIY). Sasaran utama dari program ini adalah masyarakat Padukuhan Papak, terutama para pemilih pemula.";https://kumparan.com/umylpm/menarik-mahasiswa-kkn-umy-lakukan-sosialisasi-pemilu-untuk-pemilih-pemula-21BZdQUrZDD
Bawaslu Dukung Pansus Kecurangan Pemilu DPD: Kami Transparan;kumparanNEWS;8 Maret 2024;Bawaslu merespons positif rencana DPD membentuk panitia khusus (pansus) untuk mengusut kecurangan pemilu. Hal ini disampaikan oleh Anggota Bawaslu, Totok Hariyono kepada wartawan di kantor Bawaslu, Jakarta Pusat, Jumat (8/3).;https://kumparan.com/kumparannews/bawaslu-dukung-pansus-kecurangan-pemilu-dpd-kami-transparan-22JO9RHTAFA
Pelaksanaan Pemilu di Lapas dan Rutan di Sulbar Berjalan Sangat Kondusif;Humas Kemenkumham Sulbar;14 Februari 2024;Mamuju - Kepala Divisi Pemasyarakatan Kantor Wilayah Kementerian Hukum dan Hak Asasi Manusia Sulawesi Barat, Robianto meninjau pelaksanaan pemungutan suara Pemilu 2024 di sejumlah UPT di Mamuju (14/2/2024).;https://kumparan.com/humas-kemenkumham-sulbar/pelaksanaan-pemilu-di-lapas-dan-rutan-di-sulbar-berjalan-sangat-kondusif-22AEpoBaoP9
Dapil di Bojonegoro dan Tulungagung dalam Pemilu 2024 Bertambah;Jatim Now;10 Februari 202;jatimnow.com - Daerah pemilihan (dapil) di Bojonegoro dan Tulungagung dalam Pemilu 2024 dipastikan bertambah.;https://kumparan.com/jatim-now/dapil-di-bojonegoro-dan-tulungagung-dalam-pemilu-2024-bertambah-1zo4e8NYLQo
Hasto: Pemilu 2024 Buruk dan Brutal;kumparanNEWS;9 Maret 2024;Sekjen PDIP, Hasto Kristiyanto, mengkritik pelaksanaan pileg dan pilpres 2024 pada 14 Februari 2024 lalu. Ia menyebut pemilu itu brutal.;https://kumparan.com/kumparannews/hasto-pemilu-2024-buruk-dan-brutal-22JjYI3y4Ci
Dapil di Bojonegoro dan Tulungagung dalam Pemilu 2024 Bertambah;Jatim Now;10 Februari 202;jatimnow.com - Daerah pemilihan (dapil) di Bojonegoro dan Tulungagung dalam Pemilu 2024 dipastikan bertambah.;https://kumparan.com/jatim-now/dapil-di-bojonegoro-dan-tulungagung-dalam-pemilu-2024-bertambah-1zo4e8NYLQo
Persiapkan Pemilu 2024, Rutan Pasangkayu Terima Kunjungan Dari KPU;Rutan Pasangkayu;14 Desember 2023;Pasangkayu - Rumah Tahanan Negara (Rutan) Kelas IIB Pasangkayu Kantor Wilayah Kementerian Hukum dan HAM Sulawesi Barat melakukan koordinasi dengan Komisi Pemilihan Umum (KPU) Kelurahan Randomayuang guna memastikan pemberian hak pilih kepada warga binaan dalam rangka pemilihan umum (Pemilu) Tahun 2024. Koordinasi ini dilakukan sebagai upaya Rutan Pasangkayu untuk mendukung partisipasi demokratis serta memberikan hak pilih warga binaan, Rabu (14/12).;https://kumparan.com/rutan-pasangkayu/persiapkan-pemilu-2024-rutan-pasangkayu-terima-kunjungan-dari-kpu-21laHZwlIf4
Rutan Demak Perkuat Netralitas ASN: Ikut Pengukuhan Satgas Pemilu 2024;Rutan Demak;29 Januari 2024;DEMAK - Rumah Tahanan Negara Kelas IIB Demak Kantor Wilayah Kemenkumham Jateng turut serta dalam acara pengukuhan Satuan Tugas (Satgas) Netralitas Aparatur Sipil Negara (ASN) dalam Pemilihan Umum 2024 secara virtual. Acara ini diadakan untuk memastikan netralitas ASN dalam menjalankan proses pemilu yang akan datang, Senin (29/01/24).;https://kumparan.com/rutandemak/rutan-demak-perkuat-netralitas-asn-ikut-pengukuhan-satgas-pemilu-2024-223yFdIlGSF
Karutan Mamuju Kemenkumham Sulbar Apresiasi Pelaksanaan Pemilu ;humas rutama;4 Maret 2024;Mamuju, INFO_PAS, --Jajaran Rumah Tahanan Negara (Rutan) Kelas IIB Mamuju menggelar Apel Pagi Pimpinan & Staf serta Petugas Kemasyarakatan Balai Pemasyarakatan (Bapas Polewali) bertempat di Lapangan Depan Rutan, (04/03).;https://kumparan.com/humas-rutama/karutan-mamuju-kemenkumham-sulbar-apresiasi-pelaksanaan-pemilu-22HjGbEhadf
Sukseskan Pemilu 2024, Kanwil Kemenkumham Sulbar Berkoordinasi dengan KPU;Humas Kemenkumham Sulbar;3 Februari 202;Mamuju - Kantor Wilayah Kementerian Hukum dan HAM Sulawesi Barat melaksanakan koordinasi dengan KPU Provinsi Sulawesi Barat terkait persiapan Pemilu dan Pilkada 2024.;https://kumparan.com/humas-kemenkumham-sulbar/sukseskan-pemilu-2024-kanwil-kemenkumham-sulbar-berkoordinasi-dengan-kpu-225khDM4PoH
KPU soal Ganjar-Mahfud Dipatok 17%: Pemilu kan Langsung, Kami Tak Bisa Kontrol;kumparanNEWS;8 Maret 2024;KPU RI merespons pernyataan dari Sekjen PDIP Hasto Kristiyanto dan Cawapres 03 Mahfud MD yang menyebut adanya algoritma yang sengaja digunakan mengunci suara Ganjar-Mahfud maksimal 17 persen.;https://kumparan.com/kumparannews/kpu-soal-ganjar-mahfud-dipatok-17-pemilu-kan-langsung-kami-tak-bisa-kontrol-22JM4LpMUSz
Beat Terseret HRV, Pawai Mobil Hias Pasuruan, KPU Diperintah Tunda Pemilu;Jatim Now;3 Maret 202;jatimnow.com - Kecelakaan di Gresik yang membuat motor Beat terseret Honda HRV hingga keduanya terbakar menjadi berita pilihan pembaca pada Kamis (2/3/2023).;https://kumparan.com/jatim-now/beat-terseret-hrv-pawai-mobil-hias-pasuruan-kpu-diperintah-tunda-pemilu-1zwMq0nuigq
Peran dan Posisi Pendidikan Muhammadiyah DIY Jelang Pemilu 2024;DIKDASMENPNFDIY;30 Agustus 2023;Majelis Dikdasmen dan Pendidikan Non Formal PWM D.I. Yogyakarta menggelar pembinaan kepala sekolah SMA/SMK/MA/SLB di lingkungan DIY pada Senin (28/08/2023) di Aula PWM DIY. Narasumber yang dihadirkan oleh Majelis Dikdasmen dan PNF PWM DIY pada pembinaan kali ini ialah Dr. Sapardiyono, S.Hut., M.H., Wakil Ketua Majelis Hukum dan HAM PWM DIY.;https://kumparan.com/dikdasmenpwmdiy/peran-dan-posisi-pendidikan-muhammadiyah-diy-jelang-pemilu-2024-215lc0QIt7L
Dialog Interaktif terkait Pemilu 2024, Lapas Sidoarjo Gandeng RRI Surabaya.;Humas Lapas Delta Sidoarjo;9 Februari 2024;"Sidoarjo - Radio Talkshow serta siaran langsung mengangkat tema ""Bergembira Menuju Hari Kasih Suara"" yang dikemas dalam program siaran Surabaya Siang Ini ( dialog interaktif luar studio ) yang bertempat di Lembaga Pemasyarakatan (Lapas) Kelas IIA Sidoarjo Kanwil kemenkumham Jawa Timur, Dimana kegiatan tersebut akan dilaksanakan pada hari Senin 12 Februari 2024 sebagai rangkaian kegiatan Pemilu tahun 2024.";https://kumparan.com/restu-1638311438614422985/dialog-interaktif-terkait-pemilu-2024-lapas-sidoarjo-gandeng-rri-surabaya-2288TSAlvjv
Mahfud MD Pastikan Akan Gugat Hasil Pemilu 2024 ke MK;kumparanNEWS;8 Maret 2024;Cawapres 03 Mahfud MD memastikan pihaknya akan menggugat hasil Pemilu 2024 ke Mahkamah Konstitusi (MK). Berkas tengah disiapkan, gugatan akan diajukan setelah KPU mengumumkan hasil pemilu pada 20 Maret.;https://kumparan.com/kumparannews/mahfud-md-pastikan-akan-gugat-hasil-pemilu-2024-ke-mk-22JHbBft9Xf
Dua Komisioner KPU Trenggalek Disidang Dewan Kehormatan Penyelenggara Pemilu;Jatim Now;3 Maret 202;jatimnow.com - Dua anggota komisioner KPU Kabupaten Trenggalek akan menjalani sidang pemeriksaan yang dilakukan oleh Dewan Kehormatan Penyelenggara Pemilu (DKPP).;https://kumparan.com/jatim-now/dua-komisioner-kpu-trenggalek-disidang-dewan-kehormatan-penyelenggara-pemilu-1zwN5r4sMHc
Narapidana Lapas Surulangun Diusahakan Memperoleh Hak Pilih Dalam Pemilu;lapas surulangun;14 Juli 2022;Surulangun - Kepala Subsi Admisi dan Orientasi Lapas Surulangun Arief Kurniansyah, hadiri Rapat Koordinasi Pemutakhiran Data Pemilih, hal ini merupakan bentuk sinergitas Lapas Surulangun Rawas Kemenkumham Sumsel dengan Komisi Pemilihan Umum (KPU) Kabupaten Musi Rawas Utara. Kegiatan tersebut mengambil tempat di aula KPU Kabupaten Musi Rawas Utara, pada Kamis (30/06).;https://kumparan.com/lapas-surulangun/narapidana-lapas-surulangun-diusahakan-memperoleh-hak-pilih-dalam-pemilu-1yRfZIhPeTa
Ganjar Ungkap Persiapan Tim Gugat Hasil Pemilu: Kumpulkan Data, Siapkan Saksi;kumparanNEWS;9 Maret 2024;Capres 03 Ganjar Pranowo mengungkapkan bahwa pihaknya tengah mengumpulkan sejumlah bukti dan fakta untuk menggugat hasil pemilu 2024. Ganjar mengatakan setidaknya terdapat beberapa catatan penting jelang pengumuman hasil rekapitulasi perhitungan suara 20 Maret mendatang.;https://kumparan.com/kumparannews/ganjar-ungkap-persiapan-tim-gugat-hasil-pemilu-kumpulkan-data-siapkan-saksi-22JhRoedor9
Persiapkan Pemilu 2024, Rutan Pasangkayu Terima Kunjungan Dari KPU;Rutan Pasangkayu;14 Desember 2023;Pasangkayu - Rumah Tahanan Negara (Rutan) Kelas IIB Pasangkayu Kantor Wilayah Kementerian Hukum dan HAM Sulawesi Barat melakukan koordinasi dengan Komisi Pemilihan Umum (KPU) Kelurahan Randomayuang guna memastikan pemberian hak pilih kepada warga binaan dalam rangka pemilihan umum (Pemilu) Tahun 2024. Koordinasi ini dilakukan sebagai upaya Rutan Pasangkayu untuk mendukung partisipasi demokratis serta memberikan hak pilih warga binaan, Rabu (14/12).;https://kumparan.com/rutan-pasangkayu/persiapkan-pemilu-2024-rutan-pasangkayu-terima-kunjungan-dari-kpu-21laHZwlIf4
Mengenal Pantarlih Pemilu 2024 beserta Syarat dan Cara Daftarnya;Berita Bisnis;24 Oktober 2023;Guna memastikan Pemilu tahun ini berjalan lancar, Panitia Pemungutan Suara (PPS) berwenang untuk membentuk Petugas Pemutakhiran Data Pemilih (Pantarlih) 2024.;https://kumparan.com/berita-bisnis/mengenal-pantarlih-pemilu-2024-beserta-syarat-dan-cara-daftarnya-21RLtu6LkUV
Kemenkumham Sulbar Sebut Akan Ikut Sukseskan Pemilu 2024;Humas Kemenkumham Sulbar;15 Desember 2023;Mamuju - Kakanwil Kemenkumham Sulbar, Marasidin menyampaikan bahwa jajarannya di Lapas dan Rutan telah dilakukan persiapan dalam menghadapi pemyelenggaran Pemilu.;https://kumparan.com/humas-kemenkumham-sulbar/kemenkumham-sulbar-sebut-akan-ikut-sukseskan-pemilu-2024-21m6oPw8rEK
Mahfud: Hak Angket Tak Bisa Ubah Hasil Pemilu dan Tak Terkait Pemakzulan;kumparanNEWS;8 Maret 2024;Cawapres 03 Mahfud MD kembali memberikan pandangannya terhadap hak angket kecurangan Pemilu 2024 yang bakal digulirkan DPR RI.;https://kumparan.com/kumparannews/mahfud-hak-angket-tak-bisa-ubah-hasil-pemilu-dan-tak-terkait-pemakzulan-22JGRkIGsPo
Sukseskan Pemilu 2024, Kanwil Kemenkumham Sulbar Berkoordinasi dengan KPU;Humas Kemenkumham Sulbar;3 Februari 202;Mamuju - Kantor Wilayah Kementerian Hukum dan HAM Sulawesi Barat melaksanakan koordinasi dengan KPU Provinsi Sulawesi Barat terkait persiapan Pemilu dan Pilkada 2024.;https://kumparan.com/humas-kemenkumham-sulbar/sukseskan-pemilu-2024-kanwil-kemenkumham-sulbar-berkoordinasi-dengan-kpu-225khDM4PoH
KPU soal Ganjar-Mahfud Dipatok 17%: Pemilu kan Langsung, Kami Tak Bisa Kontrol;kumparanNEWS;8 Maret 2024;KPU RI merespons pernyataan dari Sekjen PDIP Hasto Kristiyanto dan Cawapres 03 Mahfud MD yang menyebut adanya algoritma yang sengaja digunakan mengunci suara Ganjar-Mahfud maksimal 17 persen.;https://kumparan.com/kumparannews/kpu-soal-ganjar-mahfud-dipatok-17-pemilu-kan-langsung-kami-tak-bisa-kontrol-22JM4LpMUSz
Beat Terseret HRV, Pawai Mobil Hias Pasuruan, KPU Diperintah Tunda Pemilu;Jatim Now;3 Maret 202;jatimnow.com - Kecelakaan di Gresik yang membuat motor Beat terseret Honda HRV hingga keduanya terbakar menjadi berita pilihan pembaca pada Kamis (2/3/2023).;https://kumparan.com/jatim-now/beat-terseret-hrv-pawai-mobil-hias-pasuruan-kpu-diperintah-tunda-pemilu-1zwMq0nuigq
Lapas Narkotika Samarinda Sinergi dengan KPU Samarinda Sukseskan Pemilu 2024;Lapas Narkotika Kelas IIA Samarinda;9 November 2022;SAMARINDA - Lapas Narkotika Samarinda sinergi dengan KPU Samarinda siap sukseskan Pemilu Tahun 2024, Rabu (09/11/2022);https://kumparan.com/humas-lpn-samarinda/lapas-narkotika-samarinda-sinergi-dengan-kpu-samarinda-sukseskan-pemilu-2024-1zDL6nvUZzI
Sukseskan Pemilu 2024, Kanwil Kemenkumham Sulbar Berkoordinasi dengan KPU;Humas Kemenkumham Sulbar;3 Februari 202;Mamuju - Kantor Wilayah Kementerian Hukum dan HAM Sulawesi Barat melaksanakan koordinasi dengan KPU Provinsi Sulawesi Barat terkait persiapan Pemilu dan Pilkada 2024.;https://kumparan.com/humas-kemenkumham-sulbar/sukseskan-pemilu-2024-kanwil-kemenkumham-sulbar-berkoordinasi-dengan-kpu-225khDM4PoH
Orasi Ilmiah Doktor Honoris Causa Surya Paloh: Politik Identitas hingga Pemilu;Jatim Now;25 Juli 2022;"Malang - Surya Dharma Paloh menyampaikan orasi ilmiah promovendus di FISIP Universitas Brawijaya (UB), Malang dengan tema ""Meneguhkan Politik Kebangsaan"".";https://kumparan.com/jatim-now/orasi-ilmiah-doktor-honoris-causa-surya-paloh-politik-identitas-hingga-pemilu-1yX5SqOE8Lw
KPU soal Ganjar-Mahfud Dipatok 17%: Pemilu kan Langsung, Kami Tak Bisa Kontrol;kumparanNEWS;8 Maret 2024;KPU RI merespons pernyataan dari Sekjen PDIP Hasto Kristiyanto dan Cawapres 03 Mahfud MD yang menyebut adanya algoritma yang sengaja digunakan mengunci suara Ganjar-Mahfud maksimal 17 persen.;https://kumparan.com/kumparannews/kpu-soal-ganjar-mahfud-dipatok-17-pemilu-kan-langsung-kami-tak-bisa-kontrol-22JM4LpMUSz
Akademisi IPB Sebut Peran AI Dapat Berdampak Pada Aktivitas Pemilu 2024;Berita IPB;26 September 2023;Dampak teknologi kecerdasan buatan atau artificial intelligence (AI) sudah sangat terasa, tidak terkecuali di bidang politik. Dr Berry Juliandi, Dekan Fakultas Matematika dan Ilmu Pengetahuan Alam (FMIPA) IPB University memprediksi bahwa peran AI akan berdampak pada aktivitas Pemilihan Umum (Pemilu) 2024, misalnya sebagai sarana kampanye.;https://kumparan.com/news-release-ipb/akademisi-ipb-sebut-peran-ai-dapat-berdampak-pada-aktivitas-pemilu-2024-21GMt6D7xgl
Beat Terseret HRV, Pawai Mobil Hias Pasuruan, KPU Diperintah Tunda Pemilu;Jatim Now;3 Maret 202;jatimnow.com - Kecelakaan di Gresik yang membuat motor Beat terseret Honda HRV hingga keduanya terbakar menjadi berita pilihan pembaca pada Kamis (2/3/2023).;https://kumparan.com/jatim-now/beat-terseret-hrv-pawai-mobil-hias-pasuruan-kpu-diperintah-tunda-pemilu-1zwMq0nuigq
Dialog Interaktif terkait Pemilu 2024, Lapas Sidoarjo Gandeng RRI Surabaya.;Humas Lapas Delta Sidoarjo;9 Februari 2024;"Sidoarjo - Radio Talkshow serta siaran langsung mengangkat tema ""Bergembira Menuju Hari Kasih Suara"" yang dikemas dalam program siaran Surabaya Siang Ini ( dialog interaktif luar studio ) yang bertempat di Lembaga Pemasyarakatan (Lapas) Kelas IIA Sidoarjo Kanwil kemenkumham Jawa Timur, Dimana kegiatan tersebut akan dilaksanakan pada hari Senin 12 Februari 2024 sebagai rangkaian kegiatan Pemilu tahun 2024.";https://kumparan.com/restu-1638311438614422985/dialog-interaktif-terkait-pemilu-2024-lapas-sidoarjo-gandeng-rri-surabaya-2288TSAlvjv
Bawaslu Karimun Mulai Fokus Awasi Pendaftaran Calon Peserta Pemilu 2024;BATAMNEWS;6 Juli 2022;Karimun, Batamnews - Badan Pengawas Pemilu (Bawaslu) Kabupaten Karimun menggelar apel, Rabu (6/7/2022).;https://kumparan.com/batamnews/bawaslu-karimun-mulai-fokus-awasi-pendaftaran-calon-peserta-pemilu-2024-1yPVztkaK3A
Saksi Paslon 01 dan 03 Tolak Tanda Tangani Rekapitulasi Suara Pemilu di Lampung;Lampung Geh;8 Maret 2024;Lampung Geh, Bandar Lampung - Saksi Pasangan Calon (Paslon) 01 Anies-Muhaimin dan 03 Ganjar-Mahfud menolak menandatangani berita acara hasil rekapitulasi suara Pemilu 2024, pada Jumat (8/3).;https://kumparan.com/lampunggeh/saksi-paslon-01-dan-03-tolak-tanda-tangani-rekapitulasi-suara-pemilu-di-lampung-22JOaBQwYh0
PSU di Kuala Lumpur Mepet Pengumuman Pemilu, Bawaslu Bilang Masih Ada Waktu;kumparanNEWS;8 Maret 2024;Bawaslu menilai pelaksanaan pemungutan suara ulang (PSU) di Kuala Lumpur akan lebih cepat meskipun sudah mepet dengan pengumuman penetapan hasil pemilu di 20 Maret 2024.;https://kumparan.com/kumparannews/psu-di-kuala-lumpur-mepet-pengumuman-pemilu-bawaslu-bilang-masih-ada-waktu-22JNx5H08eL
Lapas Batang Terima Data NIK WBP Sebagai Pemutakhiran Data Pemilih PEMILU 2024;humaslapasbatang;3 Mei 2023;;https://kumparan.com/humaslapasbatang/lapas-batang-terima-data-nik-wbp-sebagai-pemutakhiran-data-pemilih-pemilu-2024-20KfXRlNmoQ
Partisipasi Penuh Warga Binaan, Rutan Pasangkayu Siap Sukseskan Pemilu 2024;Rutan Pasangkayu;9 Januari 2024;Pasangkayu - Dalam rangka persiapan menyambut Pemilihan Umum (Pemilu) Tahun 2024, Rumah Tahanan Negara (Rutan) Kelas IIB Pasangkayu Kanotr Wilayah Kementerian Hukum dan HAM Sulawesi Barat menerima Daftar Pemilih Tambahan (DPTb) dari Komisi Pemilihan Umum (KPU) Kabupaten Pasangkayu. Penerimaan ini sebagai langkah penting dalam mendukung partisipasi warga binaan untuk memiliki hak pilihn pada Pemilu mendatanng, Selasa (09/01).;https://kumparan.com/rutan-pasangkayu/partisipasi-penuh-warga-binaan-rutan-pasangkayu-siap-sukseskan-pemilu-2024-21vrmU5yqRz
Sukseskan Pemilu 2024, Lapas Slawi Gelar Bimtek dan Simulasi Pemilihan;Humas Lapas Slawi;8 Februari 2024;SLAWI - Dalam rangka mensukseskan gelaran Pemilihan Umum yang akan datang, Lembaga Pemasyarakatan (Lapas) Kelas IIB Slawi mengelar kegiatan bimbingan teknis dan simulasi pemilihan umum berkerja sama dengan Komisi Pemilihan Umum Kabupaten Tegal bertempat di Aula Dr Saharjo, Senin (05/02).;https://kumparan.com/humas-lapas-slawi/sukseskan-pemilu-2024-lapas-slawi-gelar-bimtek-dan-simulasi-pemilihan-226ZupLDvrH
Kemenkumham Jateng Adakan Diseminasi Layanan Parpol Jelang Pemilu 2024;Lapas Pemuda Plantungan KEMENKUMHAM;8 September 2022;SURAKARTA - Tahun Politik 2024 akan segera bergulir, pertisipasi masyarakat dari segala lini diperlukan untuk mendukung terselenggaranya perhelatan tersebut. Hal itulah yang mendasari Kemenkumham Jateng mengadakan kegiatan Diseminasi Layanan Parpol di Hotel Solia Zigna Surakarta, Rabu (07/09).;https://kumparan.com/lapas-pemuda-plantungan-kemenkumham/kemenkumham-jateng-adakan-diseminasi-layanan-parpol-jelang-pemilu-2024-1yomagTxm6z
PPI Dunia Menghimbau Pelajar Luar Negeri Tenang dan Menerima Hasil Resmi Pemilu;PPI Dunia;18 Februari 2024;PPI DUNIA, — Perhimpunan Pelajar Indonesia Dunia (PPI Dunia), menanggapi berbagai komentar atas hasil pemilu sementara pasca pencoblosan, mengharapkan seluruh masyarakat tenang dan menerima hasil pemilu resmi nanti yang diumumkan oleh KPU.;https://kumparan.com/biro-pers-media-informasi-ppi-dunia/ppi-dunia-menghimbau-pelajar-luar-negeri-tenang-dan-menerima-hasil-resmi-pemilu-22BmiPlHFqP
PSU di Kuala Lumpur Mepet Pengumuman Pemilu, Bawaslu Bilang Masih Ada Waktu;kumparanNEWS;8 Maret 2024;Bawaslu menilai pelaksanaan pemungutan suara ulang (PSU) di Kuala Lumpur akan lebih cepat meskipun sudah mepet dengan pengumuman penetapan hasil pemilu di 20 Maret 2024.;https://kumparan.com/kumparannews/psu-di-kuala-lumpur-mepet-pengumuman-pemilu-bawaslu-bilang-masih-ada-waktu-22JNx5H08eL
Mahfud: Ceramah JK soal Pemilu 2024 Terburuk dalam Sejarah, Bagus Sekali;kumparanNEWS;8 Maret 2024;Cawapres 03 Mahfud MD menanggapi ceramah Wakil Presiden RI ke-10 dan 12 Jusuf Kalla di Universitas Indonesia pada Kamis (7/3). JK menyebut Pemilu 2024 terburuk sepanjang sejarah pemilu di Indonesia yang dimulai pada 1955.;https://kumparan.com/kumparannews/mahfud-ceramah-jk-soal-pemilu-2024-terburuk-dalam-sejarah-bagus-sekali-22JFtEySJmB
Protes Putusan PN Jakpus, PDIP Jatim: Tak Boleh Ada Penundaan Pemilu 2024;Jatim Now;4 Maret 2023;jatimnow.com - PDI Perjuangan (PDIP) Jawa Timur memprotes keputusan Pengadilan Negeri Jakarta Pusat (PN Jakpus) yang memerintahkan KPU RI menunda Pemilu 2024.;https://kumparan.com/jatim-now/protes-putusan-pn-jakpus-pdip-jatim-tak-boleh-ada-penundaan-pemilu-2024-1zwtYBVec81
MUI Jabar Gelar Istigasah di Depan Gedung Sate: Pemilu Berjalan Lancar;kumparanNEWS;8 Maret 2024;MUI Jabar bakal menggelar istigasah di depan Gedung Sate, Kota Bandung, pada Sabtu (9/3). Kegiatan tersebut diadakan sebagai respons atas berbagai dinamika yang terjadi di Jabar pasca pemungutan suara.;https://kumparan.com/kumparannews/mui-jabar-gelar-istigasah-di-depan-gedung-sate-pemilu-berjalan-lancar-22JKkh1vI8J
Kelakar Bivitri Ajak JK Buat Dirty Vote 2: Bongkar 75% Kecurangan Pemilu;kumparanNEWS;7 Maret 2024;Wakil Presiden ke-10 dan ke-12 Republik Indonesia, Jusuf Kalla (JK), ikut menonton dan mengomentari film dokumenter Dirty Vote yang menampilkan dugaan kecurangan pemilu. Tak lama usai dirilis, JK menyebut baru 25 persen dugaan kecurangan pemilu yang terungkap dalam film itu.;https://kumparan.com/kumparannews/kelakar-bivitri-ajak-jk-buat-dirty-vote-2-bongkar-75-kecurangan-pemilu-22J04KKFlEw
JK Usul Sistem Pemilu Tertutup Diterapkan Lagi: Biar Calon Tak Asal Terkenal;kumparanNEWS;7 Maret 2024;Wakil Presiden ke-10 dan ke-12 RI Jusuf Kalla bicara Pemilu 2024 adalah yang terburuk sepanjang sejarah. Menurutnya, itu sudah menjadi rahasia umum.;https://kumparan.com/kumparannews/jk-usul-sistem-pemilu-tertutup-diterapkan-lagi-biar-calon-tak-asal-terkenal-22IvaOSYngo
Hasto soal Kecurangan di Pemilu 2024: Perpaduan Pemilu 1971 dan 2009;kumparanNEWS;7 Maret 2024;Sekjen PDIP Hasto Kristiyanto menilai bentuk kecurangan yang terjadi di Pemilu 2024 merupakan gabungan dari pemilu-pemilu sebelumnya yang juga dinilai penuh kecurangan. Salah satunya yakni Pemilu 1971 yang masif melibatkan kecurangan aparat.;https://kumparan.com/kumparannews/hasto-soal-kecurangan-di-pemilu-2024-perpaduan-pemilu-1971-dan-2009-22IwVsxchP3
Hasto Sebut Banyak Intimidasi usai Wacana Hak Angket Kecurangan Pemilu Mencuat;kumparanNEWS;7 Maret 2024;PDIP sebagai pihak pertama yang menggulirkan wacana hak angket terkait dugaan kecurangan Pemilu 2024, belum juga bergerak merealisasikannya. Sekjen PDIP Hasto Kristiyanto memastikan ini bukan karena partainya terbelah atau beda pendapat soal hak angket.;https://kumparan.com/kumparannews/hasto-sebut-banyak-intimidasi-usai-wacana-hak-angket-kecurangan-pemilu-mencuat-22IyP2A77V0
JK: Pemilu 2024 Terburuk dalam Sejarah, Diatur Orang Pemerintahan & Punya Uang;kumparanNEWS;7 Maret 2024;Wakil Presiden ke-10 dan ke-12 RI Jusuf Kalla menyoroti pelaksanaan Pemilu 2024 yang hasilnya sedang menunggu pengumuman resmi KPU. Menurut JK, ini merupakan pemilu terburuk dalam sejarah pemilu di Indonesia.;https://kumparan.com/kumparannews/jk-pemilu-2024-terburuk-dalam-sejarah-diatur-orang-pemerintahan-and-punya-uang-22Iti0skP6Q
Interupsi Rapat Paripurna: DPR Harus Pakai Hak Angket Pemilu;kumparanNEWS;5 Maret 2024;Rapat Paripurna ke-13 masa sidang ke IV tahun 2023-2024 kembali diwarnai interupsi. Kali ini interupsi dilakukan oleh anggota fraksi PKS, Aus Hidayat Nur.;https://kumparan.com/kumparannews/interupsi-rapat-paripurna-dpr-harus-pakai-hak-angket-pemilu-22I2bqA5lHg
Saksi Paslon AMIN Tidak Hadir Rapat Pleno Rekapitulasi Pemilu DKI Jakarta;kumparanNEWS;7 Maret 2024;Komisi Pemilihan Umum Provinsi DKI Jakarta melakukan rapat pleno rekapitulasi penghitungan perolehan suara Pilpres dan Pileg, di Hotel Pullman Jakarta Barat, Kamis (7/3).;https://kumparan.com/kumparannews/saksi-paslon-amin-tidak-hadir-rapat-pleno-rekapitulasi-pemilu-dki-jakarta-22IpSGEibl8
NasDem soal Hak Angket Pemilu: PDIP Go, Kita Go;kumparanNEWS;5 Maret 2024;Ahmad Sahroni, Bendahara Umum NasDem yang juga pimpinan Komisi III DPR, merespons soal wacana hak angket yang bergulir. Meskipun tanggapannya tidak tegas.;https://kumparan.com/kumparannews/nasdem-soal-hak-angket-pemilu-pdip-go-kita-go-22I50kI3TcX
Jokowi Bicara Ramai Hak Angket Kecurangan Pemilu: Urusan DPR;kumparanNEWS;4 Maret 2024;Presiden Joko Widodo (Jokowi) menanggapi soal ramainya hak angket dugaan kecurangan Pemilu 2024 yang mulanya digulirkan oleh capres nomor urut 03, Ganjar Pranowo.;https://kumparan.com/kumparannews/jokowi-bicara-ramai-hak-angket-kecurangan-pemilu-urusan-dpr-22HdZyoV99O
DPD RI Sepakat Bentuk Pansus Kecurangan Pemilu 2024;kumparanNEWS;5 Maret 2024;Dewan Perwakilan Daerah (DPD) RI menggelar Sidang Paripurna DPD RI Ke-9 Masa Sidang IV Tahun Sidang 2023-2024, di Gedung Nusantara V, Kompleks Parlemen Senayan, Jakarta Pusat, Selasa (5/3).;https://kumparan.com/kumparannews/dpd-ri-sepakat-bentuk-pansus-kecurangan-pemilu-2024-22I5FygCO2n
Demokrat: Hak Angket Ajukan Saja, tapi Jangan Bangun Narasi Kecurangan Pemilu;kumparanNEWS;5 Maret 2024;Kepala Badan Pembina Organisasi, Kaderisasi, dan Keanggotaan (BPOKK) DPP Demokrat, Herman Khaeron menyebut pengajuan hak angket kecurangan pemilu 2024 harus memiliki alasan yang kuat.;https://kumparan.com/kumparannews/demokrat-hak-angket-ajukan-saja-tapi-jangan-bangun-narasi-kecurangan-pemilu-22I3AiP2OeN
Kenapa Vonis MK soal Ambang Batas Parlemen Diketok Setelah Pemilu 2024?;kumparanNEWS;1 Maret 2024;Mahkamah Konstitusi sudah memutuskan bahwa ambang batas parlemen 4% harus direvisi. Perubahan ketentuan itu diminta MK untuk mulai diberlakukan pada Pemilu 2029.;https://kumparan.com/kumparannews/kenapa-vonis-mk-soal-ambang-batas-parlemen-diketok-setelah-pemilu-2024-22GRi4mQbIA
Demokrat: Hak Angket Ajukan Saja, tapi Jangan Bangun Narasi Kecurangan Pemilu;kumparanNEWS;5 Maret 2024;Kepala Badan Pembina Organisasi, Kaderisasi, dan Keanggotaan (BPOKK) DPP Demokrat, Herman Khaeron menyebut pengajuan hak angket kecurangan pemilu 2024 harus memiliki alasan yang kuat.;https://kumparan.com/kumparannews/demokrat-hak-angket-ajukan-saja-tapi-jangan-bangun-narasi-kecurangan-pemilu-22I3AiP2OeN
Hasto Sebut Naskah Akademik Hak Angket Tengah Disempurnakan, Kapan Digulirkan?;kumparanNEWS;9 Maret 2024;Sekjen PDIP Hasto Kristiyanto memastikan partainya dan PPP sebagai parpol pengusung paslon 03 Ganjar-Mahfud akan mengajukan hak angket kecurangan pemilu di 2024. Dia menuturkan pihaknya tengah mengadakan focus group discussion (FGD) untuk membangun kesadaran masyarakat terlebih dahulu.;https://kumparan.com/kumparannews/hasto-sebut-naskah-akademik-hak-angket-tengah-disempurnakan-kapan-digulirkan-22Jke05BIoB
Anies soal Hak Angket: Pengumuman KPU Saja Belum, Enggak Perlu Buru-buru;kumparanNEWS;8 Maret 2024;Capres nomor urut 01, Anies Rasyid Baswedan, kembali diminta tanggapan oleh wartawan mengenai hak angket di DPR terkait dengan dugaan kecurangan Pemilu 2024.;https://kumparan.com/kumparannews/anies-soal-hak-angket-pengumuman-kpu-saja-belum-enggak-perlu-buru-buru-22JHRn0ZTR8
DPD RI Sepakat Bentuk Pansus Kecurangan Pemilu 2024;kumparanNEWS;5 Maret 2024;Dewan Perwakilan Daerah (DPD) RI menggelar Sidang Paripurna DPD RI Ke-9 Masa Sidang IV Tahun Sidang 2023-2024, di Gedung Nusantara V, Kompleks Parlemen Senayan, Jakarta Pusat, Selasa (5/3).;https://kumparan.com/kumparannews/dpd-ri-sepakat-bentuk-pansus-kecurangan-pemilu-2024-22I5FygCO2n
PSU di Kuala Lumpur Hanya 1 Hari: Tanggal 10 Maret dengan Metode TPS dan KSK;kumparanNEWS;8 Maret 2024;KPU akan melaksanakan pemungutan suara ulang (PSU) di PPLN Kuala Lumpur dalam 1 hari. Sebelumnya sempat direncanakan akan dilaksanakan selama 2 hari.;https://kumparan.com/kumparannews/psu-di-kuala-lumpur-hanya-1-hari-tanggal-10-maret-dengan-metode-tps-dan-ksk-22JN7G0e7J4
Tim Hukum Ganjar-Mahfud Gugat Hasil Pemilu ke MK Usai Putusan KPU, 20 Maret;kumparanNEWS;5 Maret 2024;Tim hukum Ganjar-Mahfud tengah mempersiapkan sejumlah berkas yang akan dilampirkan dalam gugatan mereka ke Mahkamah Konstitusi (MK) terkait hasil pemilu 2024.;https://kumparan.com/kumparannews/tim-hukum-ganjar-mahfud-gugat-hasil-pemilu-ke-mk-usai-putusan-kpu-20-maret-22ICncDe2lg
Refly Harun dkk Desak Ganjar-Anies Satukan Parpol Gulirkan Hak Angket Pemilu;kumparanNEWS;4 Maret 2024;Gerakan Spektrum Oposisi Rakyat Terpimpin (SPOT) mendesak Capres 01 dan 03, Anies Baswedan dan Ganjar Pranowo untuk berkoalisi menyatukan partai politik agar hak angket bergulir di DPR.;https://kumparan.com/kumparannews/refly-harun-dkk-desak-ganjar-anies-satukan-parpol-gulirkan-hak-angket-pemilu-22Hjj2nKuQN
Politikus PKS Sebut Pilkada Akan Lebih Kacau jika Polemik Pemilu 2024 Dibiarkan;kumparanNEWS;5 Maret 2024;Anggota Komisi V DPR RI Fraksi PKS, Syahrul Aidi Maazat, menyebut apabila polemik Pilpres dan Pileg 2024 terus dibiarkan, akan berdampak terhadap pilkada 2024. Menurutnya, Pilkada bisa menjadi lebih kacau.;https://kumparan.com/kumparannews/politikus-pks-sebut-pilkada-akan-lebih-kacau-jika-polemik-pemilu-2024-dibiarkan-22IAtCaBoNn
Rekapitulasi KPU DKI: PDIP Juara di Jakbar, PSI Buat Kejutan Tembus 3 Besar;kumparanNEWS;8 Maret 2024;KPU DKI Jakarta melakukan rapat pleno hari kedua rekapitulasi penghitungan perolehan suara Pileg DPR RI untuk wilayah Jakarta Barat. Kegiatan ini bertempat di Hotel Pullman, Jalan S Parman, Jakarta Barat, Jumat (8/3).;https://kumparan.com/kumparannews/rekapitulasi-kpu-dki-pdip-juara-di-jakbar-psi-buat-kejutan-tembus-3-besar-22JJTBNcWKo
Saksi 03 Tolak Teken Berita Acara Rekapitulasi di Jabar: Kecurangan TSM;kumparanNEWS;8 Maret 2024;Saksi pasangan nomor 03 Ganjar-Mahfud menolak untuk menandatangani berita acara rekapitulasi penghitungan suara Pilpres 2024 di beberapa kabupaten dan kota di Jabar. Apa alasannya?;https://kumparan.com/kumparannews/saksi-03-tolak-teken-berita-acara-rekapitulasi-di-jabar-kecurangan-tsm-22JIvKWFfg5
Rekapitulasi Pileg di Gorontalo: NasDem Unggul Diikuti Golkar dan Gerindra;kumparanNEWS;9 Maret 2024;Partai NasDem memperoleh suara terbanyak dalam perolehan hasil rekapitulasi nasional di wilayah Gorontalo. Hal tersebut ditetapkan dan disahkan dalam rapat pleno terbuka yang dilakukan oleh KPU RI, Jakarta, pada Sabtu (9/3).;https://kumparan.com/kumparannews/rekapitulasi-pileg-di-gorontalo-nasdem-unggul-diikuti-golkar-dan-gerindra-22JhmQxcHaX
Mahfud Sudah Baca Naskah Akademik Hak Angket: 75 Halaman, Itu Sudah Pasti Jalan;kumparanNEWS;8 Maret 2024;Cawapres 03 Mahfud MD mengaku sudah melihat dan membaca naskah akademik rancangan hak angket (hak menyelidiki) yang bakal digulirkan di DPR untuk mengusut dugaan kecurangan Pilpres 2024.;https://kumparan.com/kumparannews/mahfud-sudah-baca-naskah-akademik-hak-angket-75-halaman-itu-sudah-pasti-jalan-22JId9nSPNw
Seperti AMIN, TPD di Lampung Juga Tolak Rekapitulasi: Kami Akan Tempuh Jalur MK;Lampung Geh;8 Maret 2024;Lampung Geh, Bandar Lampung - Tim Pemenangan Daerah (TPD) Lampung dan juga saksi Paslon 03 Ganjar-Mahfud mengungkapkan alasan menolak menandatangani berita acara hasil rekapitulasi suara Pemilu 2024, Jumat (8/3).;https://kumparan.com/lampunggeh/seperti-amin-tpd-di-lampung-juga-tolak-rekapitulasi-kami-akan-tempuh-jalur-mk-22JPPMOLNeJ
Rekapitulasi 14 Kab/Kota di Jabar: Prabowo Hanya Kalah di Kuningan;kumparanNEWS;8 Maret 2024;14 kabupaten dan kota di Jabar sudah membacakan hasil rekapitulasi penghitungan suara dalam rapat pleno yang digelar di Kantor KPU Jabar. Hasilnya, pasangan Prabowo-Gibran masih mendominasi. Prabowo-Gibran hanya kalah di Kabupaten Kuningan.;https://kumparan.com/kumparannews/rekapitulasi-14-kab-kota-di-jabar-prabowo-hanya-kalah-di-kuningan-22JQWloaFQf
Diagram Hilang, Mahfud Minta Segera Audit Forensik Sirekap KPU;kumparan Video;9 Maret 202;Mahfud MD merespons menghilangnya diagram perolehan suara di situs Sirekap KPU. Mahfud yakin hal itu karena KPU tak paham IT. Oleh karena itu, Mahfud menilai perlu dilakukan audit forensik segera agar tak ada lagi yang ugal-ugalan seperti KPU. Meski angka di Sirekap KPU bukan menjadi acuan, tapi Mahfud menilai hal ini bisa mencoreng profesionalitas KPU. Selengkapnya saksikan video di atas. #newsupdate #update #news #newsflash;https://kumparan.com/kumparanvideo/diagram-hilang-mahfud-minta-segera-audit-forensik-sirekap-kpu-22JYMIVUstt
Rekapitulasi KPU DKI: PKS Menang di Jakarta Selatan;kumparanNEWS;8 Maret 2024;KPU DKI Jakarta kembali menggelar rapat pleno hari kedua rekapitulasi penghitungan perolehan suara Pileg DPR RI untuk wilayah Jakarta Selatan. Kegiatan berlangsung di Hotel Pullman, Jalan S Parman, Jakarta Barat, Jumat (8/3).;https://kumparan.com/kumparannews/rekapitulasi-kpu-dki-pks-menang-di-jakarta-selatan-22JEHzxsrTJ
Keponakan Presiden BJ Habibie hingga Rachmat Gobel Lolos ke Senayan ;kumparanNEWS;9 Maret 2024;Keponakan dari Presiden ke-3 B.J. Habibie, Rusli Habibie, mendapatkan satu tiket untuk menjadi anggota legislatif dari Pemilu 2024. Ia berhasil meraup 95.379 suara yang merupakan suara tertinggi dibanding dua calon legislatif lainnya dari Partai Golkar.;https://kumparan.com/kumparannews/keponakan-presiden-bj-habibie-hingga-rachmat-gobel-lolos-ke-senayan-22Jky5OVnF9
Bawaslu Sulut Temukan Pergeseran Suara Untuk PBB di 26 TPS Likbar Minut;Manado Bacirita;9 Maret 202;MANADO - Badan Pengawas Pemilu (Bawaslu) Provinsi Sulawesi Utara (Sulut), menemukan adanya pergeseran suara di 26 Tempat Pemungutan Suara (TPS) di Kabupaten Minahasa Utara (Minut). Ada 48 suara dari 26 TPS tersebut yang digeser ke PBB.;https://kumparan.com/manadobacirita/bawaslu-sulut-temukan-pergeseran-suara-untuk-pbb-di-26-tps-likbar-minut-22JXMqFQx3S
Diagram di Sirekap Hilang, KPU Sebut Formulir C1 Lebih Otentik;kumparan Video;9 Maret 2024;Mahfud MD sebut KPU tidak transparan karena diagram Sirekap hilang. Komisioner KPU, August Mellaz, menyatakan hilangnya diagram Sirekap bukan berarti pihaknya tak transparan. Menurutnya, formulir C1 di dalam website Sirekap lebih otentik. Selengkapnya simak video di atas. #newsupdate #update #news #newsflash;https://kumparan.com/kumparanvideo/diagram-di-sirekap-hilang-kpu-sebut-formulir-c1-lebih-otentik-22JgyqaY29Z
Cak Imin Ingin Kampanye ke IKN;kumparanNEWS;9 Desember 202;Capres nomor urut 3, Ganjar Pranowo, menjadikan Ibu Kota Negara (IKN) di Kalimantan sebagai salah satu destinasi kampanyenya Kamis (7/12) kemarin. Cawapres nomor urut 1, Muhaimin Iskandar, mengaku ia pun ingin mengikuti jejak Ganjar untuk segera ke IKN.;https://kumparan.com/kumparannews/cak-imin-ingin-kampanye-ke-ikn-21jXAJ8cuKs
Kontras-ICW: Pemilu 2024, Pemilu Terburuk di Era Reformasi;kumparanNEWS;23 Februari 2024;Indonesian Corruption Watch (ICW) dan Komisi Untuk Orang Hilang dan Korban Tindak Kekerasan (Kontras) menyoroti permasalahan yang terjadi dalam proses penyelenggaraan Pemilu 2024.;https://kumparan.com/kumparannews/kontras-icw-pemilu-2024-pemilu-terburuk-di-era-reformasi-22Di29OSEmO
Banyak Komisaris BUMN Mundur saat Pemilu, Erick Thohir Cari Figur Pengganti;kumparanBISNIS;7 Maret 2024;Beberapa Komisaris BUMN mundur karena memilih mendukung salah satu Paslon di Pemilu 2024. Menteri BUMN Erick Thohir mengatakan pihaknya sedang mencari para figur penggantinya.;https://kumparan.com/kumparanbisnis/banyak-komisaris-bumn-mundur-saat-pemilu-erick-thohir-cari-figur-pengganti-22J1FC47AUE
Anies: Jangan Sampai Pemilu Kita Jadi Pemilu yang Memalukan;kumparanNEWS;3 Maret 2024;Capres 01 Anies Baswedan merespons anomali suara perolehan 400 ribu suara Partai Solidaritas Indonesia (PSI) secara tiba-tiba dalam beberapa hari terakhir. Menurutnya, Pemilu 2024 jangan sampai jadi pesta demokrasi yang memalukan.;https://kumparan.com/kumparannews/anies-jangan-sampai-pemilu-kita-jadi-pemilu-yang-memalukan-22HJq0XTD89
Hari Valentin: Tunjukkan Kasih Sayang Pada Negara Dengan Tidak Golput;bapassemarang18;14 Februari 2024;SEMARANG, Pembimbing Kemasyarakatan Madya Bapas Semarang Falikha Ardiyani mengajak seluruh Pegawai Bapas Semarang untuk tidak Golput Saat Pemilu 2024.;https://kumparan.com/bapassemarang18/hari-valentin-tunjukkan-kasih-sayang-pada-negara-dengan-tidak-golput-22ACWp4LC11
Urgensi Hak Angket dalam Pemilu 2024;Oktavianus Daluamang Payong;7 Maret 2024;Hak angket terkait dugaan kecurangan pemilu perlu diwujudkan untuk menunjukkan esensi pengawasan DPR. Hak angket adalah hak DPR untuk melakukan penyelidikan terhadap pelaksanaan suatu undang-undang dan/atau kebijakan pemerintah yang berkaitan dengan hal penting, strategis, dan berdampak luas pada kehidupan bermasyarakat, berbangsa, dan bernegara yang diduga bertentangan dengan peraturan perundang-undangan.;https://kumparan.com/payong-oktavianus/urgensi-hak-angket-dalam-pemilu-2024-22IPeAWCalH
Gerindra: Parpol yang Usul Penundaan Pemilu Sudah Sepakat Jadwal Pemilu 2024;kumparanNEWS;1 Maret 2022;Ketua DPP Partai Gerindra Sufmi Dasco Ahmad mengungkapkan alasan mengapa partainya hingga kini belum menyatakan sikap soal penundaan Pemilu 2024, seperti yang sudah disinggung kembali oleh sejumlah elite politik.;https://kumparan.com/kumparannews/gerindra-parpol-yang-usul-penundaan-pemilu-sudah-sepakat-jadwal-pemilu-2024-1xbGNtytPvi
PEMILU : Kesadaran Demokrasi Pemilu dari DESA;Andrianto Umbu Ndjandji;20 Februari 2024;Jika berbicara terkait demokrasi, maka kebebasan bagi wilayah desa untuk mengekspresikan tindakan dan perilaku yang bebas dalam hal apapun. Tahun 2024 dikenal sebagai tahun politik, maka setiap wilayah baik ditingkat pusat sampai daerah menanggapi tahun politik ini sebagai tahun pesta demokrasi pemilu, hal yang sama wilayah desa juga menjadi dampak yang singnifikan untuk menyambut serta menanggapi dalam demokrasi pemilu tahun 2024 ini.;https://kumparan.com/rianumbunj/pemilu-kesadaran-demokrasi-pemilu-dari-desa-22CTMoemAhw
Koalisi Masyarakat Sipil Somasi Jokowi Lagi, Singgung Kecurangan Pemilu;kumparanNEWS;7 Maret 2024;48 Organisasi yang tergabung dalam Koalisi Masyarakat Sipil melayangkan somasi kedua kepada Presiden Joko Widodo. Somasi tersebut disampaikan langsung oleh Koordinator KontraS, Dimas Bagus Arya di Kementerian Sekretariat Negara, Jakarta Pusat, Kamis (7/3).;https://kumparan.com/kumparannews/koalisi-masyarakat-sipil-somasi-jokowi-lagi-singgung-kecurangan-pemilu-22IsswbDgvK
Rutan Demak Terima Dokumen Pemilu: KPU Demak Serahkan Dokumen Pemilu ;Rutan Demak;26 Januari 2024;DEMAK - Rumah Tahanan Negara Kelas IIB Demak Kantor Wilayah Kemenkumham Jateng menerima dokumen kelengkapan pemilu dari Komisi Pemilihan Umum (KPU) Kabupaten Demak. Langkah ini merupakan bagian dari persiapan menyambut proses pemilihan umum yang akan datang, Jumat (26/01/24).;https://kumparan.com/rutandemak/rutan-demak-terima-dokumen-pemilu-kpu-demak-serahkan-dokumen-pemilu-222mEOJDmUK
Menebak Ending Hak Angket Pemilu 2024;Ahmad Syarifudin;1 Maret 2024;"Pemilu sudah usai, masyarakat masih susah dan kembali mencari nafkah untuk membeli kebutuhan sehari-hari yang semakin mahal seperti harga beras yang mencapai sembilan belas ribu rupiah. Akan tetapi sebaliknya, para elite politik masih saja bertengkar dan mempersoalkan ""kecurangan Pemilu 2024"" yang diduga terjadi kecurangan yang terstruktur sistematis dan masif.";https://kumparan.com/akun-terverifikasi/menebak-ending-hak-angket-pemilu-2024-22FfK7kcL9N
Koalisi Masyarakat Sipil Somasi Jokowi Lagi, Singgung Kecurangan Pemilu;kumparanNEWS;7 Maret 2024;48 Organisasi yang tergabung dalam Koalisi Masyarakat Sipil melayangkan somasi kedua kepada Presiden Joko Widodo. Somasi tersebut disampaikan langsung oleh Koordinator KontraS, Dimas Bagus Arya di Kementerian Sekretariat Negara, Jakarta Pusat, Kamis (7/3).;https://kumparan.com/kumparannews/koalisi-masyarakat-sipil-somasi-jokowi-lagi-singgung-kecurangan-pemilu-22IsswbDgvK
Rutan Demak Terima Dokumen Pemilu: KPU Demak Serahkan Dokumen Pemilu ;Rutan Demak;26 Januari 2024;DEMAK - Rumah Tahanan Negara Kelas IIB Demak Kantor Wilayah Kemenkumham Jateng menerima dokumen kelengkapan pemilu dari Komisi Pemilihan Umum (KPU) Kabupaten Demak. Langkah ini merupakan bagian dari persiapan menyambut proses pemilihan umum yang akan datang, Jumat (26/01/24).;https://kumparan.com/rutandemak/rutan-demak-terima-dokumen-pemilu-kpu-demak-serahkan-dokumen-pemilu-222mEOJDmUK
Relawan Paslon 03 Deklarasi Tolak Hasil Pemilu Curang;kumparan Video;18 Februari 2024;Pada Minggu (18/2), para Relawan Paslon 03 Ganjar-Mahfud yang terdiri dari perwakilan berbagai organisasi relawan mendeklarasikan penolakan atas hasil Pemilu 2024 berdasarkan hasil penghitungan KPU. Mereka menyatakan 5 poin desakan melalui 'Petisi Brawijaya'. Selengkapnya saksikan video di atas. #newsupdate #update #news #newsflash;https://kumparan.com/kumparanvideo/relawan-paslon-03-deklarasi-tolak-hasil-pemilu-curang-22BtN2NriYl
Hasil Sementara Quick Count Pemilu 2024;kumparan Video;14 Februari 2024;Pemilu serentak telah dilaksanakan pada Rabu, 14 Februari 2024. Masyarakat, termasuk para capres-cawapres, telah memilih siapa pemimpin Indonesia selama 5 tahun ke depan. Bagaimana hasil quick count sementara Pilpres 2024? Simak konten focus di atas untuk informasi selengkapnya. #focus #pilpres2024 #news #newsflash;https://kumparan.com/kumparanvideo/hasil-sementara-quick-count-pemilu-2024-22AJHeIsHOw
Rutan Demak Terima Dokumen Pemilu: Komitmen Terjaga untuk Pemilu yang Adil ;Rutan Demak;26 Januari 2024;DEMAK – Rumah Tahanan Negara Kelas IIB Demak Kantor Wilayah Kemenkumham Jawa Tengah menerima dokumen kelengkapan pemilu dari Komisi Pemilihan Umum (KPU) Kabupaten Demak, Jum’at (26/01/2024). Langkah ini dianggap sebagai tonggak penting menuju pemilu yang transparan dan inklusif di Kabupaten Demak.;https://kumparan.com/rutandemak/rutan-demak-terima-dokumen-pemilu-komitmen-terjaga-untuk-pemilu-yang-adil-222m5wEI2f2
JK: Hak Angket Pemilu Bagus Biar Enggak Curiga Terus;kumparanNEWS;6 Maret 2024;Jusuf Kalla setuju dengan rencana partai politik untuk menggunakan hak angket pemilu di DPR. Ini bisa menjadi akhir kecurigaan adanya kecurangan pemilu yang selama ini didengungkan.;https://kumparan.com/kumparannews/jk-hak-angket-pemilu-bagus-biar-enggak-curiga-terus-22ISYXZ1FQP
Anies: Jangan Lagi Ada Pelanggaran Jelang Pemilu, Bahaya;kumparanNEWS;6 Februari 2024;Capres 01 Anies Baswedan berharap tak ada lagi pelanggaran di sisa hari rangkaian Pilpres 2024. Menurutnya jika pelanggaran terjadi lagi, maka akan terus menurunkan kepercayaan publik terhadap peserta hingga penyelenggara pemilu.;https://kumparan.com/kumparannews/anies-jangan-lagi-ada-pelanggaran-jelang-pemilu-bahaya-226lp5SL8bt
Ganjar di Kampanye Akbar Kendal: Mendekati Pemilu Jangan Bohong;kumparanNEWS;23 Januari 2024;Capres nomor urut 03, Ganjar Pranowo, menyampaikan pesan penting menjelang pelaksanaan Pemilu pada 14 Februari 2024. Pesan itu terkait kejujuran.;https://kumparan.com/kumparannews/ganjar-di-kampanye-akbar-kendal-mendekati-pemilu-jangan-bohong-221WE3prrI6
Kampanye Pemilu Ramah Lingkungan;fendi felix;23 Januari 202;Debat Cawapres kedua (final), telah diadakan pada hari Minggu, tanggal 21 Januari 2024 di JCC Senayan, merupakan sebagai debat resmi keempat yang diselenggarakan oleh KPU. Debat ini mengangkat tema pembangunan berkelanjutan, sumber daya alam, lingkungan hidup, energi, pangan, agraria, masyarakat adat dan desa. Sejalan dengan tema lingkungan, pelaksanaan kampanye pemilu sejatinya bisa diatur supaya lebih ramah lingkungan.;https://kumparan.com/fendi-felix/kampanye-pemilu-ramah-lingkungan-221OIEBKkmw
Hasto soal Esai SBY: Ini Positif Agar Pemilu Berjalan Baik;kumparanNEWS;28 Juni 2023;Sekjen PDIP, Hasto Kristiyanto, menyambut positif esai yang dibuat Ketua Majelis Tinggi Partai Demokrat, Susilo Bambang Yudhoyono (SBY).;https://kumparan.com/kumparannews/hasto-soal-esai-sby-ini-positif-agar-pemilu-berjalan-baik-20gloMxBqlj
Pensiunan Paling Berbahaya;David Efendi;30 Januari 2024;Sebuah film bergenre action yang dirilis tahun 2008 dengan sutradara Trygve Allister Diesen itu diberi judul RED. Film berdurasi 1,5 jam ini cukup membuat kita faham bagaimana dunia intelegen dan politik saling berkelindan dan saling melindungi. Tapi, di situ sebagaimana RED (Retired Extremeliy Dangerous-Pensiunan yang paling berbahaya), para pensiunan itu bertindak sableng dan nekad menghabisi politisi dan gang pensiunan CIA lainnya yang menumpang kepenitngan dari kegaduhan politik dalam negeri. Ini menjadikan inspirasi baru untuk membaca bagaimana pensiunan di negara 'miskin' dan 'penghutang' mengambil perannya. Kita akan membaca kasus Indonesia dalam tulisan pendek ini (tulisan lama bersemi kembali).;https://kumparan.com/david-efendi-1615791284070942903/pensiunan-paling-berbahaya-21qRVFlaWBA
Pseudo Pemilu;Miftah Rinaldi Harahap;14 Oktober 2023;Pemilu di Indonesia memang sangat menarik untuk diamati sekaligus dicemooh karena mempunyai warna dan ciri khas tersendiri. Di Indonesia pemilu adalah perayaan untuk sebuah janji yang diulang berulang kali. Inilah festival janji-janji terbesar yang pernah ada dalam lembar sejarah peradaban manusia.;https://kumparan.com/rinal-mifta/pseudo-pemilu-21MIAgAFBvL
Gus Nadir Temui Cak Imin, Singgung Potensi Kecurangan Pemilu;kumparanNEWS;6 Januari 2024;Cawapres Muhaimin Iskandar (Cak Imin) bersilaturahmi dengan Pengurus Cabang Istimewa NU Australia dan Selandia Baru, Nadirsyah Hosen atau yang akrab disapa Gus Nadir di kediamannya di Jombang, Jawa Timur.;https://kumparan.com/kumparannews/gus-nadir-temui-cak-imin-singgung-potensi-kecurangan-pemilu-21unpNt8gTz
Siasat Pemilu;Elzandi Irfan Zikra;2 November 2023;Dalam beberapa bulan terakhir, panggung politik Indonesia telah disibukkan oleh dinamika antara Presiden Jokowi dan Megawati Soekarnoputri, Ketua Umum PDIP. Terdapat serangkaian manuver politik yang mengindikasikan adanya retaknya hubungan antara dua figur politik ini, yang dianggap publik semakin memperlebar jurang antara Jokowi dan partainya, PDIP.;https://kumparan.com/zandiirfan37/siasat-pemilu-21UjgyDCGub
Putusan MK: Sistem Pemilu Tetap Proporsional Terbuka;kumparanNEWS;15 Juni 2023;Mahkamah Konstitusi (MK) menolak permohonan pengujian UU Nomor 7 Tahun 2017 tentang Pemilu terkait sistem pemilu. MK menolak mengubah sistem pemilu dari proporsional terbuka menjadi tertutup, sebagaimana permohonan pemohon.;https://kumparan.com/kumparannews/putusan-mk-sistem-pemilu-tetap-proporsional-terbuka-20bZ6gtira8
Tugas Masing-masing Anggota KPPS dalam Penyelenggaraan Pemilu;Berita Terkini;25 Desember 2023;Kelompok Penyelenggara Pemungutan Suara atau dikenal dengan KPPS merupakan bagian penting dalam proses pemilu. Ada beberapa hal yang penting dan wajib diketahui, salah satunya adalah tugas masing-masing anggota KPPS.;https://kumparan.com/berita-terkini/tugas-masing-masing-anggota-kpps-dalam-penyelenggaraan-pemilu-21pzJ3n6lBV
Masa Tenang Pemilu, Ganjar Melayat Seniman Blacius Subono;kumparanNEWS;11 Februari 2024;Capres 03 Ganjar Pranowo bersama istrinya, Siti Atikoh, melayat ke rumah duka seniman almarhum Blacius Subono di padepokan Seni Nurroso Solo, Kampung Gulon, RT 05/RW 20, Kelurahan Jebres, Kecamatan Jebres Solo, Jawa Tengah, Minggu (11/2).;https://kumparan.com/kumparannews/masa-tenang-pemilu-ganjar-melayat-seniman-blacius-subono-228xSkajEGY
Dugaan Pelanggaran Pemilu Mulai Berseliweran, Ganjar Minta Bawaslu Bertindak;kumparanNEWS;4 Januari 2024;Capres nomor urut 03, Ganjar Pranowo, meminta Bawaslu untuk menindak tegas pelanggaran Pemilu 2024 yang mulai tampak terang-terangan di publik.;https://kumparan.com/kumparannews/dugaan-pelanggaran-pemilu-mulai-berseliweran-ganjar-minta-bawaslu-bertindak-21typ1VV1XD
Menebak Ending Hak Angket Pemilu 2024;Ahmad Syarifudin;1 Maret 2024;"Pemilu sudah usai, masyarakat masih susah dan kembali mencari nafkah untuk membeli kebutuhan sehari-hari yang semakin mahal seperti harga beras yang mencapai sembilan belas ribu rupiah. Akan tetapi sebaliknya, para elite politik masih saja bertengkar dan mempersoalkan ""kecurangan Pemilu 2024"" yang diduga terjadi kecurangan yang terstruktur sistematis dan masif.";https://kumparan.com/akun-terverifikasi/menebak-ending-hak-angket-pemilu-2024-22FfK7kcL9N
Mahfud Singgung Capres Teken Komitmen Pemilu Damai, tapi Banyak Pelanggaran;kumparanNEWS;27 November 2023;Seluruh paslon capres-cawapres telah meneken deklarasi kampanye damai di Pilpres 2024. Cawapres 03, Mahfud MD, memastikan akan berkomitmen menjalankan pemilu damai, tertib, dan taat aturan.;https://kumparan.com/kumparannews/mahfud-singgung-capres-teken-komitmen-pemilu-damai-tapi-banyak-pelanggaran-21esJ9nKikN
Kasus Aiman Tak Masuk Perkara Pemilu yang Pengusutannya Ditunda, Kenapa?;kumparanNEWS;15 November 2023;Juru bicara Tim Pemenangan Nasional (TPN) Ganjar-Mahfud, Aiman Witjaksono, dilaporkan ke Polda Metro Jaya terkait pernyataannya soal anggota polisi yang diduga tidak netral dalam Pilpres 2024.;https://kumparan.com/kumparannews/kasus-aiman-tak-masuk-perkara-pemilu-yang-pengusutannya-ditunda-kenapa-21a8osdbbsX
Rutan Demak Terima Dokumen Pemilu: Upaya Mewujudkan Pemilu yang Adil ;Rutan Demak;26 Januari 2024;DEMAK – Rumah Tahanan Negara Kelas IIB Demak Kantor Wilayah Kemenkumham Jawa Tengah menerima dokumen kelengkapan pemilu dari Komisi Pemilihan Umum (KPU) Kabupaten Demak, Jum’at (26/01/2024). Langkah ini dianggap sebagai tonggak penting menuju pemilu yang transparan dan inklusif di Kabupaten Demak.;https://kumparan.com/rutandemak/rutan-demak-terima-dokumen-pemilu-upaya-mewujudkan-pemilu-yang-adil-222lyShJsFa
Rutan Demak Dukung Pemilu yang Transparan: Rapat Koordinasi DPT Pemilu 2024;Rutan Demak;7 Januari 202;DEMAK – Rumah Tahanan Negara Kelas IIB Demak Kantor Wilayah Kemenkumham Jawa Tengah turut berperan aktif dalam memastikan kelancaran proses demokrasi di Indonesia dengan mengirimkan perwakilannya untuk hadir dalam Rapat Koordinasi Penyusunan Daftar Pemilih Tetap (DPT) Pemilu 2024.;https://kumparan.com/rutandemak/rutan-demak-dukung-pemilu-yang-transparan-rapat-koordinasi-dpt-pemilu-2024-21uw07w0rfN
Rutan Demak Terlibat Dalam Persiapan Pemilu: Rapat Koordinasi DPT Pemilu 2024;Rutan Demak;6 Januari 2024;DEMAK – Rumah Tahanan Negara Kelas IIB Demak Kantor Wilayah Kemenkumham Jawa Tengah turut berperan aktif dalam memastikan kelancaran proses demokrasi di Indonesia dengan mengirimkan perwakilannya untuk hadir dalam Rapat Koordinasi Penyusunan Daftar Pemilih Tetap (DPT) Pemilu 2024.;https://kumparan.com/rutandemak/rutan-demak-terlibat-dalam-persiapan-pemilu-rapat-koordinasi-dpt-pemilu-2024-21utWkgPiEC
Rutan Demak Dukung Pemilu yang Transparan: Rapat Koordinasi DPT Pemilu 2024;Rutan Demak;6 Januari 2024;DEMAK – Rumah Tahanan Negara Kelas IIB Demak Kantor Wilayah Kemenkumham Jawa Tengah turut berperan aktif dalam memastikan kelancaran proses demokrasi di Indonesia dengan mengirimkan perwakilannya untuk hadir dalam Rapat Koordinasi Penyusunan Daftar Pemilih Tetap (DPT) Pemilu 2024.;https://kumparan.com/rutandemak/rutan-demak-dukung-pemilu-yang-transparan-rapat-koordinasi-dpt-pemilu-2024-21uthSlBIvJ
Filosofi Pemilu Warga Baduy;Agus Sutisna;13 Januari 2024;“Lunang, Milu kanu Meunang”;https://kumparan.com/tisna1965/filosofi-pemilu-warga-baduy-21x84h7OPv5
Mahfud: Agar Pemilu Jurdil, Jangan Gunakan Kekuatan Aparat & Trading Influence;kumparanNEWS;11 Januari 202;Cawapres nomor urut 03 Mahfud MD menyampaikan bahwa untuk menciptakan pemilu yang adil dan jujur, jangan menggunakan kekuatan aparat maupun trading influence.;https://kumparan.com/kumparannews/mahfud-agar-pemilu-jurdil-jangan-gunakan-kekuatan-aparat-and-trading-influence-21wa04KDSM8
Surya Paloh Harap Pemilu Bersih dan Beradab, Tak Ada Intervensi;kumparanNEWS;5 Februari 202;Ketua Umum Partai NasDem Surya Paloh berharap Capres 01 Anies Baswedan bisa membawa pesan pemilu adil tanpa intervensi selama sisa masa kampanye berlangsung. Ia menyebut, jika pemilu harus diikuti dengan bersih dan beradab.;https://kumparan.com/kumparannews/surya-paloh-harap-pemilu-bersih-dan-beradab-tak-ada-intervensi-226WDObwK4D
Massa Datangi Kantor DPD RI DIY, Dukung Pembentukan Pansus Kecurangan Pemilu;kumparanNEWS;7 Maret 2024;Sejumlah massa yang tergabung dalam Gerakan Rakyat Untuk Demokrasi dan Keadilan (GARDA) mendatangi kantor DPD RI Perwakilan DIY di Jalan Kusumanegara, Kota Yogyakarta, Kamis (7/3).;https://kumparan.com/kumparannews/massa-datangi-kantor-dpd-ri-diy-dukung-pembentukan-pansus-kecurangan-pemilu-22IsOEBvc3N
Pemilu dan Kemenkeu;Dr H Ahmad Doli Kurnia SSi, MT;19 Maret 202;Tragedi kematian yang menimpa banyak petugas pemilu di level bawah pada 2019 lalu seharusnya membuat kita semua prihatin. Tak cukup itu, bagi stakeholders kepemiluan, semua pihak harus berpikir out of the box, mencari cara agar keselamatan para “ujung tombak demokrasi” terjamin.;https://kumparan.com/ahmad-doli-kurnia/pemilu-dan-kemenkeu-202YNbvBRj8
Peran Perempuan dalam Kontestasi Pemilu dan Penyelenggaraan Pemilu Masih Minim;ciremaitoday;22 Desember 2023;Ciremaitoday.com, Bandung-Koordinator Divisi Pencegahan, Partisipasi Masyarakat, dan Hubungan Masyarakat Bawaslu RI, Lolly Suhenty, menyebut peran perempuan dalam kontestasi Pemilu masih belum begitu baik. Misalnya, dalam Pemilihan Calon Legislatif (Caleg), jumlah perempuan yang maju masih begitu minim.;https://kumparan.com/ciremaitoday/peran-perempuan-dalam-kontestasi-pemilu-dan-penyelenggaraan-pemilu-masih-minim-21opo4muGbA
Pemilih Tertua di Sintang Nyoblos, Sudah Mencoblos Sejak Pemilu Pertama RI;Hi Pontianak;14 Februari 2024;Hi!Sintang - Bajik, pemilih tertua di Kabupaten Sintang, Kalimantan Barat, juga melaksanakan hak pilihnya pada pemilu serentak hari ini, Rabu, 14 Februari 2024.;https://kumparan.com/hipontianak/pemilih-tertua-di-sintang-nyoblos-sudah-mencoblos-sejak-pemilu-pertama-ri-22AAMkQBpCb
Haedar Nashir: Seluruh Pihak Harus Legowo dan Ksatria Terima Hasil Pemilu;kumparanNEWS;14 Februari 2024;Ketua Umum Pimpinan Pusat Muhammadiyah Haedar Nashir bersama keluarga menggunakan hak pilihnya sebagai warga negara Indonesia di TPS 12 Jalan Sunan Kudus, Kampung Rukeman, Peleman, Bantul, DIY, Rabu (14/2).;https://kumparan.com/kumparannews/haedar-nashir-seluruh-pihak-harus-legowo-dan-ksatria-terima-hasil-pemilu-22AELmArfNw
Seperti Jokowi, Megawati Bawa Kertas Baca Undang-Undang tentang Pemilu;kumparan Video;8 Februari 2024;Ketum PDIP Megawati Soekarnoputri menghadiri kampanye akbar paslon 03 Ganjar-Mahfud di RTH Maron Banyuwangi, Kamis (8/2). Dalam pidatonya, Megawati menyinggung aturan bahwa presiden hingga menteri tak boleh menggunakan fasilitas negara untuk kampanye. Selengkapnya simak video di atas. #newsupdate #update #news #newsflash;https://kumparan.com/kumparanvideo/seperti-jokowi-megawati-bawa-kertas-baca-undang-undang-tentang-pemilu-227venKXIyw
Zulhas soal Potensi Dugaan Kecurangan Pemilu: Zaman Gini Mana Bisa Curang?;kumparanNEWS;12 Februari 2024;Isu kecurangan pemilu semakin ramai diperbincangkan publik. Isu ini semakin ramai semenjak film dokumenter 'Dirty Vote' dirilis di Youtube pada Minggu (11/2) siang.;https://kumparan.com/kumparannews/zulhas-soal-potensi-dugaan-kecurangan-pemilu-zaman-gini-mana-bisa-curang-229Lq6ERWaB
Mengenal Formulir C1 Pemilu 2024 dan Jenis-jenisnya;Berita Hari Ini;29 Januari 2024;Formulir C1 Pemilu 2024 adalah salah satu dokumen yang perlu diisi sebagai laporan proses pemungutan suara pemilu di Tempat Pemungutan Suara (TPS). Ada juga beberapa jenis formulir penting lainnya yang perlu diketahui.;https://kumparan.com/berita-hari-ini/mengenal-formulir-c1-pemilu-2024-dan-jenis-jenisnya-223kd6yO6CP
Keadilan Pemilu, Persatuan Bangsa dan Kenegarawanan;Agus Sutisna;19 Februari 202;;https://kumparan.com/tisna1965/keadilan-pemilu-persatuan-bangsa-dan-kenegarawanan-22BrinTWtz4
Kapolri Persilakan Masyarakat Demo Gugat Hasil Pemilu: Asal Jangan Anarkistis;kumparanNEWS;14 Februari 2024;Polri menyatakan siap menghadapi potensi-potensi protes menolak hasil pemilu seperti yang terjadi pada Pemilu 2019. Kala itu, aksi protes pecah di depan gedung Bawaslu, Jakarta, menyusul kekalahan Prabowo-Sandiaga dari rivalnya, Jokowi-Ma'ruf.;https://kumparan.com/kumparannews/kapolri-persilakan-masyarakat-demo-gugat-hasil-pemilu-asal-jangan-anarkistis-22AAc1dQEer
Waspadai Masalah Psikologis Ini Pasca Pemilu;Uswatun Hasanah LuQman;15 Februari 2024;;https://kumparan.com/uswatun-hasanah-luqman/waspadai-masalah-psikologis-ini-pasca-pemilu-22Acnz7YqLj
Pemilu yang Memilukan;Gray Sembiring;13 Februari 202;Politiae Legius Non Leges Politi Adoptante;https://kumparan.com/21-281-gray-anugrah-sembiring/pemilu-yang-memilukan-229ZtSmlO3L
Pantau Pemilu Lapas Kakanwil Kemenkumham Sumsel Pemilu Damai untuk Indonesi Maju;Lapas Perempuan Kelas IIA Palembang;15 Februari 2024;Kepala Kantor Wilayah Kementerian Hukum dan HAM Sumatera Selatan, Dr. Ilham Djaya memantau langsung jalannya pelaksanaan pemilu di Lapas/Rutan/LPKA di kota Palembang, Rabu (14/2).;https://kumparan.com/lapas-perempuan-kelas-iia-palembang/pantau-pemilu-lapas-kakanwil-kemenkumham-sumsel-pemilu-damai-untuk-indonesi-maju-22AhKSNfrWl
Rutan Demak Terlibat Dalam Pemilu: Hadiri Rapat Koordinasi DPT Pemilu 2024;Rutan Demak;6 Januari 2024;DEMAK – Rumah Tahanan Negara Kelas IIB Demak Kantor Wilayah Kemenkumham Jawa Tengah turut berperan aktif dalam memastikan kelancaran proses demokrasi di Indonesia dengan mengirimkan perwakilannya untuk hadir dalam Rapat Koordinasi Penyusunan Daftar Pemilih Tetap (DPT) Pemilu 2024.;https://kumparan.com/rutandemak/rutan-demak-terlibat-dalam-pemilu-hadiri-rapat-koordinasi-dpt-pemilu-2024-21utk81ogIW
Hoaks Surat Kadis Kominfo Bojonegoro Dukung Caleg, PKB dan Bupati Anna;Jatim Now;3 Maret 2023;jatimnow.com - Beredar sebuah foto surat pernyataan dukungan dari salah satu pejabat Pemkab Bojonegoro terhadap sejumlah calon legislatif (caleg) dan Bupati Anna Mu'awanah pada Pemilu 2024.;https://kumparan.com/jatim-now/hoaks-surat-kadis-kominfo-bojonegoro-dukung-caleg-pkb-dan-bupati-anna-1zwXOwNO0sE
Generasi Muda dan Pemilu;Gading Kasih;19 Januari 2024;Dilansir dari Daftar Pemilih Tetap (DPT) Pemilu 2024 oleh Komisi Pemilihan Umum (KPU), tercatat 22,85% pemilih adalah Generasi Z (kelahiran tahun 1997-pertengahan 2010) dan 33,60% adalah Generasi Milenial (kelahiran 1981-1996). Oleh sebab itu, generasi muda adalah penentu dari keberhasilan pemilu tahun ini. Lantas, menjelang pesta demokrasi 14 Februari mendatang, tantangan apa saja yang dihadapi dan bagaimana sikap proaktif generasi muda dalam menyukseskan perhelatan demokrasi 5 tahunan ini?;https://kumparan.com/chatarina-gading/generasi-muda-dan-pemilu-21zZDJZTsrN
Hak Angket Menguji Proses Pemilu;Agus Sutisna;28 Februari 202;Isu hak angket DPR yang berawal dari usulan Ganjar nampaknya telah memicu kecemasan di sebagian kalangan masyarakat, khususnya kubu Paslon 2 dan para pendukungnya. Ada dua hal yang mereka cemaskan. Pertama, hasil Pemilu yang berdasarkan Quick Count dan Real Count KPU menunjukkan kemenangan Paslon 2 dianulir, dibatalkan atau setidaknya diulang. Kedua, hasil angket berujung pada pemakzulan (impeachment) Presiden.;https://kumparan.com/tisna1965/hak-angket-menguji-proses-pemilu-22FSILGXnhH
Pemilu dan Valentine Day;Fiderman Gori;28 Januari 2024;Ada yang menarik di hari pencoblosan pada pemilu serentak 2024 kali ini. Pada pemilu 2024 baik pemilihan presiden, wakil presiden, DPRD, DPR, dan DPD bertepatan di hari istimewa yakini, 14 Februari 2024. Seperti diketahui oleh lintas generasi, 14 Februari ini dikenal sebagai hari kasih sayang (valentine day).;https://kumparan.com/fidergori/pemilu-dan-valentine-day-222drxqajgT
Warga di Tangerang Terobos Banjir demi Bisa Ikut Pemilu;kumparanNEWS;14 Februari 2024;Warga di Larangan, Kota Tangerang, Banten, rela menerobos banjir dengan ketinggian hampir 1 meter demi bisa menyalurkan suara mereka di TPS. Banjir merendam kawasan tersebut usai hujan yang mengguyur sejak dini hari.;https://kumparan.com/kumparannews/warga-di-tangerang-terobos-banjir-demi-bisa-ikut-pemilu-22A8qRUHh0I
Edukasi PEMILU sebagai Upaya   Meningkatkan Partisipasi Pemilih PEMILU 2024;anantasyaaptr10;8 Februari 2024;Tanon, Sragen (29/01/2024) - Mahasiswa KKN Ilmu Pemerintahan Universitas Diponegoro, Anantasya Putri, menggelar aksi nyata dalam program kerja Kuliah Kerja Nyata (KKN) dengan menyebarkan informasi dan edukasi mengenai pentingnya penggunaan hak pilih suara saat Pemilu di Desa Bonagung, Kecamatan Tanon, Kabupaten Sragen.;https://kumparan.com/anantasyaaptr10/edukasi-pemilu-sebagai-upaya-meningkatkan-partisipasi-pemilih-pemilu-2024-227iYeBr36R
Hasto Singgung Fenomena Over Shooting dalam Dugaan Kecurangan Pemilu;kumparanNEWS;14 Februari 2024;Sekjen PDIP Hasto Kristiyanto menyatakan TPN Ganjar-Mahfud akan membentuk tim investigasi untuk mengusut dugaan kecurangan pemilu. Hasto menyebut, tim khusus itu akan terdiri dari ahli hukum hingga investigasi forensik.;https://kumparan.com/kumparannews/hasto-singgung-fenomena-over-shooting-dalam-dugaan-kecurangan-pemilu-22AHOyYP7qk
NasDem soal Putusan PN Jakpus Tunda Pemilu: Kebablasan, Tak Berwenang!;kumparanNEWS;2 Maret 2023;Wakil Ketua Umum Partai NasDem, Ahmad Ali, mengkritik keputusan Pengadilan Negeri Jakarta Pusat terhadap gugatan Partai Prima terkait pemilu. Salah satu poin putusannya, PN Jakpus memerintahkan KPU sebagai tergugat menunda Pemilu 2024.;https://kumparan.com/kumparannews/nasdem-soal-putusan-pn-jakpus-tunda-pemilu-kebablasan-tak-berwenang-1zw9baeTIAD
Dua Poros Utama Pemilu;Abu Rizal Sidik;18 Januari 2024;Kini, Pemilu menyuguhkan dua segmentasi kontras, para peserta yang memasuki arena pertarungan mengerucut pada porosnya: Berdiri dengan memposisikan diri berlawanan dan memanfaatkan kekuasaan sebagai kendaraan untuk menggenggam kemenangan.;https://kumparan.com/abu-rizals/dua-poros-utama-pemilu-21zSTxibA0C
4 Contoh Pelanggaran Administrasi Pemilu;Ragam Info;24 Januari 2024;Pemilu menjadi tonggak penting dalam menjalankan prinsip demokrasi, di mana warga negara berhak memilih pemimpin yang akan mewakili dan mengemban tanggung jawab atas negara. Namun, faktanya terdapat beberapa contoh pelanggaran administrasi pemilu.;https://kumparan.com/ragam-info/4-contoh-pelanggaran-administrasi-pemilu-221uIY2TzBo
Gerindra Peringkat Ketiga Sementara di Pemilu 2024, Incar Kursi Ketua DPR?;kumparanNEWS;7 Maret 2024;Hasil perolehan suara Gerindra dalam pemilu 2024 menempati posisi ketiga dengan suara sekitar 13 persen dalam real count sementara di Sirekap KPU. Peringkat pertama diduduki PDIP dan disusul oleh Golkar.;https://kumparan.com/kumparannews/gerindra-peringkat-ketiga-sementara-di-pemilu-2024-incar-kursi-ketua-dpr-22IxrVKiMym
Butet Kartaredjasa: Saya Rasakan Keganjilan Pemilu, Aneh Dalam Demokrasi;kumparanNEWS;17 Februari 2024;Seniman Butet Kartaredjasa menilai banyak keganjilan yang dirasakannya dalam Pemilu 2024. Menurut sosok yang dekat dengan seni itu, keanehan pemilu kali ini pun terasa lain dari pemilu-pemilu sebelumnya.;https://kumparan.com/kumparannews/butet-kartaredjasa-saya-rasakan-keganjilan-pemilu-aneh-dalam-demokrasi-22BQOmsgR8g
Ganjar Bicara Etika Pemilu: Jangan Remehkan Orang, Jangan Menghina;kumparanNEWS;22 Januari 2024;Capres nomor urut 3 Ganjar Pranowo menyinggung soal etika dalam pemilu ketika berorasi di Ponpes Roudlotussolihin Lampung Selatan, pada Senin (22/1). Ganjar menilai persatuan harus diutamakan.;https://kumparan.com/kumparannews/ganjar-bicara-etika-pemilu-jangan-remehkan-orang-jangan-menghina-2218T4hKCJ7
Anies: Pemilu Coblosnya Satu Saja, Kalau Lebih Tidak Sah;kumparanNEWS;18 Desember 2023;Calon Presiden nomor urut 1 dari Koalisi Perubahan Anies Baswedan mengunjungi Lubuklinggau, Sumatera Selatan, Senin 18 Desember 2023.;https://kumparan.com/kumparannews/anies-pemilu-coblosnya-satu-saja-kalau-lebih-tidak-sah-21nFLzGqteB
Edukasi PEMILU sebagai Upaya   Meningkatkan Partisipasi Pemilih PEMILU 2024;anantasyaaptr10;8 Februari 2024;Tanon, Sragen (29/01/2024) - Mahasiswa KKN Ilmu Pemerintahan Universitas Diponegoro, Anantasya Putri, menggelar aksi nyata dalam program kerja Kuliah Kerja Nyata (KKN) dengan menyebarkan informasi dan edukasi mengenai pentingnya penggunaan hak pilih suara saat Pemilu di Desa Bonagung, Kecamatan Tanon, Kabupaten Sragen.;https://kumparan.com/anantasyaaptr10/edukasi-pemilu-sebagai-upaya-meningkatkan-partisipasi-pemilih-pemilu-2024-227iYeBr36R
Hasto soal Esai SBY: Ini Positif Agar Pemilu Berjalan Baik;kumparanNEWS;28 Juni 2023;Sekjen PDIP, Hasto Kristiyanto, menyambut positif esai yang dibuat Ketua Majelis Tinggi Partai Demokrat, Susilo Bambang Yudhoyono (SBY).;https://kumparan.com/kumparannews/hasto-soal-esai-sby-ini-positif-agar-pemilu-berjalan-baik-20gloMxBqlj
Timnas AMIN: Jateng dan Jatim Jadi Pusat Kecurangan Pemilu;kumparanNEWS;7 Januari 2024;Anggota Dewan Pakar Timnas AMIN, Bambang Widjojanto menilai bahwa saat ini potensi kecurangan pemilu mengalami pergeseran. Hal tersebut diungkapkan Bambang dalam diskusi bertajuk 'Titik Rawan Kecurangan dan Platform Peta Kecurangan Pemilu' di Cikini, Menteng, Jakarta Pusat, Minggu (7/1).;https://kumparan.com/kumparannews/timnas-amin-jateng-dan-jatim-jadi-pusat-kecurangan-pemilu-21vAc0wB4iG
PPP Ikut PDIP Ajukan Hak Angket Kecurangan Pemilu di DPR;kumparanNEWS;28 Februari 2024;Ketua Majelis Pertimbangan PPP, M. Romahurmuziy, menegaskan partainya mendukung hak angket untuk mengusut kecurangan pemilu yang diusulkan PDIP. PPP dan PDIP merupakan rekan koalisi pengusung Ganjar-Mahfud MD di Pilpres 2024.;https://kumparan.com/kumparannews/ppp-ikut-pdip-ajukan-hak-angket-kecurangan-pemilu-di-dpr-22FfRhv6gKi
Zainal Arifin Soal PN Jakpus Putuskan Pemilu Ditunda: Putusan Aneh;kumparanNEWS;2 Maret 2023;Pakar Hukum Tata Negara UGM Zainal Arifin Mochtar angkat bicara soal PN Jakpus yang mengabulkan gugatan Partai Prima. PN Jakpus dalam putusannya memerintahkan agar Pemilu 2024 ditunda.;https://kumparan.com/kumparannews/zainal-arifin-soal-pn-jakpus-putuskan-pemilu-ditunda-putusan-aneh-1zwBpDlSyI1
Pemilu dan Kemenkeu;Dr H Ahmad Doli Kurnia SSi, MT;19 Maret 202;Tragedi kematian yang menimpa banyak petugas pemilu di level bawah pada 2019 lalu seharusnya membuat kita semua prihatin. Tak cukup itu, bagi stakeholders kepemiluan, semua pihak harus berpikir out of the box, mencari cara agar keselamatan para “ujung tombak demokrasi” terjamin.;https://kumparan.com/ahmad-doli-kurnia/pemilu-dan-kemenkeu-202YNbvBRj8
Media Asing Kembali Ulas Pemilu RI, Prabowo Disebut Berpotensi Menang;kumparanNEWS;26 Januari 2024;Paslon nomor urut 02, Prabowo Subianto-Gibran Rakabuming Raka diprediksi memenangkan Pilpres 2024. Perkiraan itu ditulis media asal Inggris, The Qonversations dalam artikel berjudul 'Prabowo Likely to Win the Indonesian Election From First Round'.;https://kumparan.com/kumparannews/media-asing-kembali-ulas-pemilu-ri-prabowo-disebut-berpotensi-menang-222ahOJ3P7t
Mengapa Sikap Civitas Academica UPN Yogya Khusus Soroti Pemilu?;kumparanNEWS;7 Februari 2024;"Civitas academica Universitas Pembangunan Nasional ""Veteran"" Yogyakarta (UPNVYK) menyampaikan pernyataan sikap menjelang hari pemilihan umum 2024 di halaman rektorat UPN Veteran Yogya, Condongcatur, Sleman, DIY, Rabu (7/2).";https://kumparan.com/kumparannews/mengapa-sikap-civitas-academica-upn-yogya-khusus-soroti-pemilu-227NsTfKMse
Peran Perempuan dalam Kontestasi Pemilu dan Penyelenggaraan Pemilu Masih Minim;ciremaitoday;22 Desember 2023;Ciremaitoday.com, Bandung-Koordinator Divisi Pencegahan, Partisipasi Masyarakat, dan Hubungan Masyarakat Bawaslu RI, Lolly Suhenty, menyebut peran perempuan dalam kontestasi Pemilu masih belum begitu baik. Misalnya, dalam Pemilihan Calon Legislatif (Caleg), jumlah perempuan yang maju masih begitu minim.;https://kumparan.com/ciremaitoday/peran-perempuan-dalam-kontestasi-pemilu-dan-penyelenggaraan-pemilu-masih-minim-21opo4muGbA
Pemilih Tertua di Sintang Nyoblos, Sudah Mencoblos Sejak Pemilu Pertama RI;Hi Pontianak;14 Februari 2024;Hi!Sintang - Bajik, pemilih tertua di Kabupaten Sintang, Kalimantan Barat, juga melaksanakan hak pilihnya pada pemilu serentak hari ini, Rabu, 14 Februari 2024.;https://kumparan.com/hipontianak/pemilih-tertua-di-sintang-nyoblos-sudah-mencoblos-sejak-pemilu-pertama-ri-22AAMkQBpCb
Haedar Nashir: Seluruh Pihak Harus Legowo dan Ksatria Terima Hasil Pemilu;kumparanNEWS;14 Februari 2024;Ketua Umum Pimpinan Pusat Muhammadiyah Haedar Nashir bersama keluarga menggunakan hak pilihnya sebagai warga negara Indonesia di TPS 12 Jalan Sunan Kudus, Kampung Rukeman, Peleman, Bantul, DIY, Rabu (14/2).;https://kumparan.com/kumparannews/haedar-nashir-seluruh-pihak-harus-legowo-dan-ksatria-terima-hasil-pemilu-22AELmArfNw
Pejabat Polri Temui Gus Baha Silaturahmi Jelang Pemilu;kumparanNEWS;1 Februari 2024;Pejabat bintang dua Polri menemui KH Ahmad Bahauddin di Rembang, Jawa Tengah. Salah satu yang dibahas dengan kiai yang akrab disapa Gus Baha itu soal pesta demokrasi.;https://kumparan.com/kumparannews/pejabat-polri-temui-gus-baha-silaturahmi-jelang-pemilu-2252RwolkJC
Seperti Jokowi, Megawati Bawa Kertas Baca Undang-Undang tentang Pemilu;kumparan Video;8 Februari 2024;Ketum PDIP Megawati Soekarnoputri menghadiri kampanye akbar paslon 03 Ganjar-Mahfud di RTH Maron Banyuwangi, Kamis (8/2). Dalam pidatonya, Megawati menyinggung aturan bahwa presiden hingga menteri tak boleh menggunakan fasilitas negara untuk kampanye. Selengkapnya simak video di atas. #newsupdate #update #news #newsflash;https://kumparan.com/kumparanvideo/seperti-jokowi-megawati-bawa-kertas-baca-undang-undang-tentang-pemilu-227venKXIyw
Jelang Pemilu, Rudem Sosialisasikan Tata Cara Pencoblosan;Rutan Demak;12 Februari 2024;Rutan Demak (Rudem) menerapkan program pembinaan kepribadian yang bertujuan untuk mengajarkan nilai-nilai cinta tanah air kepada para penghuninya. Setiap hari Senin, Rudem menggelar Apel Kesadaran Berbangsa dan Bernegara, di mana seluruh tahanan dan narapidana diajak untuk merenungkan makna mendalam tentang kebangsaan. Kegiatan ini menjadi ajang untuk memperkuat semangat nasionalisme di kalangan penghuni Rutan Demak.;https://kumparan.com/rutandemak/jelang-pemilu-rudem-sosialisasikan-tata-cara-pencoblosan-229VrnDwi4A
243 Pasien RSJ Singkawang Ikut Pemilu;Hi Pontianak;14 Februari 2024;Hi!Pontianak - Rumah Sakit Jiwa (RSJ) Provinsi Kalbar siapkan 3 Tempat Pemungutan Suara (TPS) untuk pasien yang bisa menggunakan hak pilihnya. Dari ketiga TPS yang ada di RSJ itu, ada 243 pasien yang dianggap mampu untuk ikut Pemilu pada Rabu, 14 Februari 2024.;https://kumparan.com/hipontianak/243-pasien-rsj-singkawang-ikut-pemilu-22AH6DeB9ce
Edukasi PEMILU sebagai Upaya   Meningkatkan Partisipasi Pemilih PEMILU 2024;anantasyaaptr10;8 Februari 2024;Tanon, Sragen (29/01/2024) - Mahasiswa KKN Ilmu Pemerintahan Universitas Diponegoro, Anantasya Putri, menggelar aksi nyata dalam program kerja Kuliah Kerja Nyata (KKN) dengan menyebarkan informasi dan edukasi mengenai pentingnya penggunaan hak pilih suara saat Pemilu di Desa Bonagung, Kecamatan Tanon, Kabupaten Sragen.;https://kumparan.com/anantasyaaptr10/edukasi-pemilu-sebagai-upaya-meningkatkan-partisipasi-pemilih-pemilu-2024-227iYeBr36R
Hasto Singgung Fenomena Over Shooting dalam Dugaan Kecurangan Pemilu;kumparanNEWS;14 Februari 2024;Sekjen PDIP Hasto Kristiyanto menyatakan TPN Ganjar-Mahfud akan membentuk tim investigasi untuk mengusut dugaan kecurangan pemilu. Hasto menyebut, tim khusus itu akan terdiri dari ahli hukum hingga investigasi forensik.;https://kumparan.com/kumparannews/hasto-singgung-fenomena-over-shooting-dalam-dugaan-kecurangan-pemilu-22AHOyYP7qk
Ketua KPU: Pemilu di Indonesia Paling Rumit di Dunia ;kumparanNEWS;30 Desember 2023;Ketua KPU, Hasyim Asyari, menyebut Pemilu di Indonesia kerap dinilai paling rumit sedunia. Meski, jumlah pemilih di Amerika Serikat dan India lebih banyak ketimbang Indonesia.;https://kumparan.com/kumparannews/ketua-kpu-pemilu-di-indonesia-paling-rumit-di-dunia-21ryZUSKoAy
Densus Buru Teroris Lain yang Ingin Kacaukan Pemilu dan Buat Teror saat Nataru;kumparanNEWS;23 November 2023;Densus 88 Antiteror Polri telah menangkap empat orang terduga teroris di kawasan Dumai dan Rokan Hilir, Riau pada Selasa (21/11) lalu. Salah satu di antaranya berinisial M yang tergabung dalam kelompok teror Anshor Daulah (AD);https://kumparan.com/kumparannews/densus-buru-teroris-lain-yang-ingin-kacaukan-pemilu-dan-buat-teror-saat-nataru-21dGs9v6akS
Putusan MK: Sistem Pemilu Tetap Proporsional Terbuka;kumparanNEWS;15 Juni 2023;Mahkamah Konstitusi (MK) menolak permohonan pengujian UU Nomor 7 Tahun 2017 tentang Pemilu terkait sistem pemilu. MK menolak mengubah sistem pemilu dari proporsional terbuka menjadi tertutup, sebagaimana permohonan pemohon.;https://kumparan.com/kumparannews/putusan-mk-sistem-pemilu-tetap-proporsional-terbuka-20bZ6gtira8
Capres yang Dianggap China Berbahaya Menang Pemilu Taiwan;kumparanNEWS;13 Januari 2024;Lai Ching-te memenangkan pilpres Taiwan pada Sabtu (13/1). China menganggap Lai sebagai separatis dan mengecam pencalonannya.;https://kumparan.com/kumparannews/capres-yang-dianggap-china-berbahaya-menang-pemilu-taiwan-21xbAViDH6z
Film Dirty Vote Ungkap Betapa Besar Peran Kades untuk Kemenangan Pemilu;kumparanNEWS;11 Februari 2024;Ahli Hukum Tata Negara Zainal Arifin Mochtar menjelaskan betapa besarnya pengaruh kepala desa untuk memenangkan paslon tertentu dalam Pilpres 2024. Itu ia jelaskan saat tampil dalam film dokumenter Dirty Vote yang membahas soal kecurangan Pemilu 2024.;https://kumparan.com/kumparannews/film-dirty-vote-ungkap-betapa-besar-peran-kades-untuk-kemenangan-pemilu-2291tOKjjBR
Polling: Jika Sampah Baliho Pemilu Dijadikan Tas, Kamu Minat atau Enggak?;kumparanNEWS;11 Februari 2024;Hari Minggu (11/2) merupakan dimulainya masa tenang kampanye sebelum pencoblosan 14 Februari mendatang. Pada masa jeda ini, tidak ada lagi kegiatan kampanye. Alat peraga kampanye [APK], seperti baliho sebagian besar juga telah dibersihkan.;https://kumparan.com/kumparannews/polling-jika-sampah-baliho-pemilu-dijadikan-tas-kamu-minat-atau-enggak-228viVV0Qg9
